{
  "acc_old_only": 0.9941747572815534,
  "acc_old_after_add_new": 0.9844660194174757,
  "acc_new_after": 0.9752577319587629,
  "acc_total_after": 0.98
}