{
  "acc_old_only": 0.9922330097087378,
  "acc_old_after_add_new": 0.9825242718446602,
  "acc_new_after": 0.9855670103092784,
  "acc_total_after": 0.984
}