{
  "seed": 42,
  "k": 10,
  "nwf": {
    "acc_old_only": 0.6932038834951456,
    "acc_old_after": 0.6349514563106796,
    "acc_new_after": 0.6597938144329897,
    "acc_total": 0.647
  },
  "mlp": {
    "acc_old_only": 0.9145631067961165,
    "acc_old_after": 0.003883495145631068,
    "acc_new_after": 0.7793814432989691,
    "acc_total": 0.38
  }
}