{
  "gd_recon_error": [
    0.09788556527346373,
    0.09508685879409313,
    0.09334337301552295,
    0.09250909276306629,
    0.09189825709909201
  ],
  "kalman_recon_error": [
    0.09788556527346373,
    0.09251212999224663,
    0.09158087894320488,
    0.09107989501208066,
    0.09069219939410686
  ],
  "n_samples": 20,
  "n_iter": 5
}