{
  "methods": {
    "NWF_Mahalanobis": {
      "sigma_0.0": 0.75,
      "sigma_0.2": 0.70703125,
      "sigma_0.5": 0.51953125
    },
    "NWF_Symmetric": {
      "sigma_0.0": 0.83984375,
      "sigma_0.2": 0.79296875,
      "sigma_0.5": 0.625
    },
    "NWF_Euclidean": {
      "sigma_0.0": 0.84375,
      "sigma_0.2": 0.83984375,
      "sigma_0.5": 0.703125
    },
    "FAISS_L2": {
      "sigma_0.0": 0.84375,
      "sigma_0.2": 0.83984375,
      "sigma_0.5": 0.703125
    },
    "HDC": {
      "sigma_0.0": 0.8515625,
      "sigma_0.2": 0.84765625,
      "sigma_0.5": 0.71484375
    }
  },
  "noise_levels": [
    0.0,
    0.2,
    0.5
  ]
}