{
  "methods": {
    "NWF_Mahalanobis": {
      "sigma_0.0": 0.73828125,
      "sigma_0.2": 0.703125,
      "sigma_0.5": 0.578125
    },
    "NWF_Symmetric": {
      "sigma_0.0": 0.76171875,
      "sigma_0.2": 0.73046875,
      "sigma_0.5": 0.59765625
    },
    "NWF_Euclidean": {
      "sigma_0.0": 0.828125,
      "sigma_0.2": 0.81640625,
      "sigma_0.5": 0.72265625
    },
    "FAISS_L2": {
      "sigma_0.0": 0.84375,
      "sigma_0.2": 0.83984375,
      "sigma_0.5": 0.703125
    },
    "HDC": {
      "sigma_0.0": 0.8515625,
      "sigma_0.2": 0.84765625,
      "sigma_0.5": 0.71484375
    }
  },
  "noise_levels": [
    0.0,
    0.2,
    0.5
  ]
}