{
  "min_mahalanobis": {
    "ece": 0.7164040987938644,
    "n_val": 100
  },
  "potential": {
    "ece": 0.8399904228046142,
    "n_val": 100
  },
  "trace_sigma": {
    "ece": 0.37004914820194235,
    "n_val": 100
  },
  "agreement_ratio": {
    "ece": 0.18100000314414502,
    "n_val": 100
  }
}