{
  "VAE_single_pass": {
    "sec_per_batch": 0.0006647666668868624,
    "sec_per_sample": 6.6476666688686235e-06,
    "recon_mse": 0.012626968324184418
  },
  "Kalman_1iter": {
    "sec_per_50": 0.005570399998759967,
    "sec_per_sample": 0.00011140799997519935,
    "recon_mse": 0.012155843898653984
  },
  "Kalman_3iter": {
    "sec_per_50": 10.444286599999032,
    "sec_per_sample": 0.20888573199998065,
    "recon_mse": 0.009619814343750477
  },
  "Kalman_5iter": {
    "sec_per_50": 20.830181100000118,
    "sec_per_sample": 0.41660362200000234,
    "recon_mse": 0.00925575103610754
  },
  "Kalman_10iter": {
    "sec_per_50": 46.72319110000171,
    "sec_per_sample": 0.9344638220000343,
    "recon_mse": 0.008782949298620224
  },
  "HDC": {
    "sec_per_batch": 0.04826016666690217,
    "sec_per_sample": 0.00048260166666902173
  }
}