{
  "alpha": 30.825647728337042,
  "beta": -11.018881596240792,
  "best_metric": "agreement_ratio"
}